"","Estimated number of malaria cases","Estimated number of malaria cases","Estimated number of malaria cases","Estimated number of malaria cases","Estimated number of malaria cases","Estimated number of malaria cases","Estimated number of malaria cases","Estimated number of malaria cases","Estimated number of malaria cases","Estimated number of malaria cases","Estimated number of malaria cases","Estimated number of malaria cases","Estimated number of malaria cases","Estimated number of malaria cases","Estimated number of malaria cases","Estimated number of malaria cases","Estimated number of malaria cases","Estimated number of malaria cases","Estimated number of malaria cases","Estimated number of malaria cases","Estimated number of malaria cases","Estimated number of malaria cases"
"Countries, territories and areas"," 2021"," 2020"," 2019"," 2018"," 2017"," 2016"," 2015"," 2014"," 2013"," 2012"," 2011"," 2010"," 2009"," 2008"," 2007"," 2006"," 2005"," 2004"," 2003"," 2002"," 2001"," 2000"
"Afghanistan","193 232 [149 000-245 000]","253 150 [195 000-321 000]","413 480 [319 000-525 000]","633 500 [485 000-810 000]","798 871 [608 000-1 022 000]","733 205 [532 000-985 000]","368 235 [253 000-514 000]","319 142 [221 000-443 000]","279 634 [143 000-446 000]","220 653 [122 000-356 000]","362 319 [200 000-571 000]","292 015 [166 000-459 000]","274 981 [149 000-455 000]","402 909 [211 000-709 000]","452 626 [238 000-776 000]","418 216 [221 000-717 000]","535 477 [315 000-860 000]","716 954 [480 000-1 072 000]","1 242 906 [810 000-1 916 000]","1 382 972 [916 000-2 106 000]","1 312 939 [849 000-2 007 000]","1 312 939 [843 000-2 022 000]"
"Algeria","0","0","0","0","0","0","0","0","8","55","1","1","0","3","26","1","1","2","5","10","6","34"
"Angola","8 794 084 [5 818 000-12 740 000]","8 410 016 [5 591 000-12 200 000]","7 352 473 [5 514 000-9 561 000]","6 700 267 [5 140 000-8 519 000]","6 312 055 [4 902 000-8 010 000]","5 523 430 [4 280 000-6 989 000]","4 969 705 [3 800 000-6 372 000]","4 524 454 [3 416 000-5 923 000]","4 201 780 [3 119 000-5 552 000]","3 884 445 [2 902 000-5 100 000]","3 812 871 [2 845 000-5 003 000]","4 035 439 [3 010 000-5 309 000]","4 429 795 [3 343 000-5 763 000]","5 063 972 [3 863 000-6 515 000]","5 736 210 [4 435 000-7 278 000]","6 076 182 [4 693 000-7 752 000]","6 146 933 [4 635 000-7 996 000]","5 889 113 [4 083 000-8 234 000]","5 686 167 [3 647 000-8 424 000]","5 414 605 [3 325 000-8 296 000]","5 533 981 [3 373 000-8 504 000]","5 339 605 [3 236 000-8 305 000]"
"Argentina","0","0","0","0","0","0","0","0","0","0","0","54","92","105","328","172","231","116","124","125","215","440"
"Armenia","0","0","0","0","0","0","0","0","0","0","0","0","0","0","0","0","7","47","29","52","79","141"
"Azerbaijan","0","0","0","0","0","0","0","0","0","3","4","50","78","72","108","141","242","386","480","505","1 054","1 526"
"Bangladesh","8 974 [7 700-10 000]","7 545 [6 400-8 800]","21 202 [18 000-25 000]","12 397 [11 000-14 000]","33 331 [30 000-37 000]","31 621 [29 000-35 000]","45 478 [41 000-50 000]","66 274 [60 000-74 000]","31 594 [28 000-35 000]","35 375 [31 000-40 000]","63 432 [54 000-73 000]","69 307 [59 000-80 000]","80 603 [68 000-94 000]","121 043 [96 000-150 000]","126 937 [78 000-185 000]","68 539 [41 000-103 000]","103 199 [46 000-165 000]","101 645 [44 000-164 000]","99 970 [43 000-158 000]","98 239 [42 000-157 000]","96 431 [43 000-152 000]","94 616 [42 000-151 000]"
"Belize","0","0","0","3","7","4","9","19","20","33","72","150","256","540","845","844","1 549","1 066","1 324","1 134","1 162","1 486"
"Benin","4 983 668 [3 541 000-6 875 000]","4 781 051 [3 327 000-6 563 000]","4 937 253 [3 806 000-6 291 000]","4 872 597 [3 843 000-6 058 000]","4 876 484 [3 919 000-5 953 000]","4 721 694 [3 833 000-5 784 000]","4 260 585 [3 398 000-5 273 000]","3 917 119 [3 056 000-4 932 000]","3 753 591 [2 912 000-4 731 000]","3 650 774 [2 831 000-4 614 000]","3 703 932 [2 862 000-4 723 000]","3 862 955 [3 027 000-4 873 000]","4 032 019 [3 225 000-5 026 000]","4 183 971 [3 413 000-5 108 000]","4 220 168 [3 456 000-5 116 000]","4 140 781 [3 366 000-5 049 000]","4 026 128 [3 266 000-4 910 000]","3 859 662 [3 088 000-4 763 000]","3 601 326 [2 826 000-4 523 000]","3 371 811 [2 620 000-4 264 000]","3 107 278 [2 389 000-3 960 000]","2 886 309 [2 153 000-3 813 000]"
"Bhutan","9","22","2","6","11","15","34","19","15","82","194","436","1 057","329","793","1 868","1 825","2 670","3 806","6 511","5 982","5 935"
"Bolivia (Plurinational State of)","14 930 [12 000-18 000]","16 506 [13 000-20 000]","12 654 [9 900-16 000]","7 239 [5 700-8 900]","6 195 [4 800-7 600]","7 510 [5 900-9 200]","9 315 [7 300-11 000]","10 994 [8 400-14 000]","10 906 [8 300-14 000]","10 048 [7 900-12 000]","9 680 [7 600-12 000]","18 659 [15 000-23 000]","13 344 [10 000-16 000]","13 210 [10 000-16 000]","19 799 [15 000-24 000]","25 742 [20 000-32 000]","27 296 [21 000-33 000]","20 206 [16 000-25 000]","27 568 [22 000-34 000]","19 768 [15 000-25 000]","22 330 [17 000-28 000]","45 647 [34 000-58 000]"
"Botswana","1 067 [820-1 500]","1 776 [1 200-2 700]","259 [200-360]","808 [620-1 100]","2 933 [2 300-4 000]","985 [760-1 300]","455 [350-620]","2 076 [1 600-2 800]","725 [570-1 000]","304 [230-410]","682 [520-950]","2 229 [1 300-3 900]","2 719 [1 300-5 100]","2 457 [1 200-4 900]","1 292 [500-3 200]","4 801 [3 200-7 800]","1 466 [850-2 800]","1 217 [250-3 700]","1 862 [750-4 500]","3 663 [2 100-7 100]","7 698 [4 700-15 000]","19 146 [13 000-33 000]"
"Brazil","162 016 [145 000-175 000]","167 113 [150 000-181 000]","178 650 [160 000-193 000]","218 813 [196 000-237 000]","220 913 [198 000-239 000]","132 022 [127 000-141 000]","164 589 [147 000-178 000]","146 599 [141 000-156 000]","197 679 [177 000-214 000]","258 095 [248 000-276 000]","284 024 [273 000-303 000]","390 024 [349 000-422 000]","328 858 [316 000-351 000]","335 694 [322 000-359 000]","534 516 [478 000-578 000]","584 183 [561 000-624 000]","658 276 [624 000-709 000]","516 739 [481 000-561 000]","465 651 [425 000-513 000]","407 200 [363 000-458 000]","467 114 [406 000-535 000]","760 760 [644 000-887 000]"
"Burkina Faso","8 326 915 [5 527 000-12 050 000]","8 122 685 [5 375 000-11 720 000]","7 472 680 [5 064 000-10 750 000]","7 280 725 [4 892 000-10 380 000]","7 093 584 [4 906 000-10 000 000]","7 215 226 [5 351 000-9 555 000]","7 848 131 [6 210 000-9 775 000]","8 132 937 [6 535 000-10 000 000]","8 620 220 [6 941 000-10 590 000]","9 159 529 [7 380 000-11 230 000]","9 242 057 [7 455 000-11 290 000]","9 194 223 [7 399 000-11 260 000]","8 932 652 [7 147 000-10 950 000]","8 386 574 [6 759 000-10 290 000]","7 693 631 [6 064 000-9 614 000]","7 347 269 [5 772 000-9 212 000]","7 363 398 [5 819 000-9 204 000]","7 546 925 [6 050 000-9 280 000]","7 615 906 [6 110 000-9 373 000]","7 513 033 [6 023 000-9 196 000]","7 346 774 [5 865 000-9 048 000]","7 121 621 [5 672 000-8 835 000]"
"Burundi","3 657 985 [2 280 000-5 557 000]","3 708 079 [2 352 000-5 573 000]","3 549 058 [2 531 000-4 887 000]","3 315 862 [2 477 000-4 379 000]","2 794 830 [2 050 000-3 720 000]","2 526 223 [1 856 000-3 358 000]","2 144 520 [1 543 000-2 908 000]","1 916 653 [1 368 000-2 607 000]","1 778 478 [1 275 000-2 420 000]","1 628 919 [1 163 000-2 219 000]","1 560 776 [1 089 000-2 191 000]","1 544 609 [1 050 000-2 198 000]","1 532 448 [1 046 000-2 181 000]","1 694 813 [1 164 000-2 379 000]","1 891 093 [1 316 000-2 611 000]","2 161 939 [1 554 000-2 903 000]","2 307 035 [1 711 000-3 045 000]","2 453 417 [1 809 000-3 258 000]","2 699 483 [1 984 000-3 594 000]","2 777 742 [2 053 000-3 656 000]","2 817 680 [2 118 000-3 708 000]","2 828 604 [2 059 000-3 815 000]"
"Cote d'Ivoire","7 443 146 [4 149 000-12 400 000]","7 398 482 [4 158 000-12 240 000]","7 184 054 [4 117 000-11 810 000]","6 730 934 [3 853 000-10 910 000]","6 229 084 [3 611 000-9 899 000]","5 867 998 [3 722 000-8 772 000]","5 658 630 [3 962 000-7 916 000]","5 955 704 [4 369 000-7 945 000]","6 533 301 [4 912 000-8 599 000]","8 330 987 [6 556 000-10 440 000]","9 963 140 [8 165 000-11 970 000]","9 969 293 [8 136 000-12 070 000]","9 645 843 [7 883 000-11 690 000]","9 176 757 [7 515 000-11 090 000]","8 685 416 [7 112 000-10 500 000]","8 496 241 [6 911 000-10 310 000]","8 692 864 [7 109 000-10 560 000]","9 314 093 [7 509 000-11 450 000]","9 270 252 [7 470 000-11 310 000]","9 068 162 [7 350 000-11 040 000]","8 818 723 [7 113 000-10 800 000]","8 349 017 [6 671 000-10 370 000]"
"Cabo Verde","0","0","0","2","423","49","7","26","22","1","7","47","65","35","18","80","68","45","68","76","107","144"
"Cambodia","19 064 [17 000-22 000]","43 341 [37 000-51 000]","140 073 [121 000-164 000]","272 272 [235 000-319 000]","202 696 [175 000-237 000]","124 137 [107 000-145 000]","218 837 [189 000-256 000]","240 449 [207 000-280 000]","168 806 [146 000-197 000]","260 016 [226 000-302 000]","368 041 [320 000-425 000]","353 293 [291 000-430 000]","426 267 [332 000-554 000]","214 883 [163 000-291 000]","191 165 [140 000-272 000]","437 975 [340 000-576 000]","388 706 [329 000-461 000]","403 094 [329 000-495 000]","464 899 [366 000-589 000]","349 008 [257 000-463 000]","388 681 [282 000-524 000]","669 109 [421 000-985 000]"
"Cameroon","6 665 957 [4 301 000-10 060 000]","6 601 170 [4 187 000-9 884 000]","6 246 049 [4 526 000-8 397 000]","6 218 960 [4 711 000-8 007 000]","6 151 314 [4 720 000-7 931 000]","6 126 789 [4 604 000-8 036 000]","5 996 035 [4 386 000-8 053 000]","5 825 479 [4 234 000-7 800 000]","5 667 877 [4 161 000-7 535 000]","5 418 988 [4 070 000-7 102 000]","5 451 139 [4 124 000-7 021 000]","5 688 134 [4 249 000-7 415 000]","5 936 562 [4 370 000-7 877 000]","6 574 374 [4 832 000-8 732 000]","7 031 151 [5 298 000-9 201 000]","7 222 479 [5 557 000-9 224 000]","7 297 108 [5 792 000-9 106 000]","7 231 963 [5 789 000-8 913 000]","6 910 604 [5 515 000-8 574 000]","6 530 590 [5 212 000-8 124 000]","6 421 751 [5 102 000-7 948 000]","6 133 781 [4 858 000-7 672 000]"
"Central African Republic","1 826 551 [920 000-3 217 000]","1 795 225 [926 000-3 142 000]","1 681 948 [862 000-2 945 000]","1 654 108 [868 000-2 868 000]","1 642 425 [868 000-2 845 000]","1 638 585 [869 000-2 790 000]","1 669 623 [901 000-2 837 000]","1 740 283 [971 000-2 919 000]","1 782 614 [995 000-2 992 000]","1 802 996 [987 000-3 000 000]","1 825 670 [987 000-3 070 000]","1 843 530 [1 034 000-3 071 000]","1 869 529 [1 116 000-2 926 000]","1 888 773 [1 203 000-2 848 000]","1 891 580 [1 270 000-2 726 000]","1 889 964 [1 294 000-2 649 000]","1 872 113 [1 297 000-2 610 000]","1 837 290 [1 289 000-2 530 000]","1 767 275 [1 216 000-2 491 000]","1 707 571 [1 142 000-2 459 000]","1 668 386 [1 104 000-2 458 000]","1 661 418 [1 089 000-2 411 000]"
"Chad","3 506 428 [1 938 000-5 833 000]","3 433 441 [1 904 000-5 752 000]","3 277 966 [1 854 000-5 393 000]","3 216 108 [1 851 000-5 303 000]","2 961 677 [1 702 000-4 822 000]","2 812 456 [1 618 000-4 572 000]","2 681 805 [1 495 000-4 506 000]","2 584 781 [1 402 000-4 354 000]","2 516 380 [1 454 000-4 078 000]","2 581 469 [1 721 000-3 722 000]","2 680 861 [2 022 000-3 489 000]","2 777 637 [2 160 000-3 520 000]","2 687 611 [2 064 000-3 451 000]","2 521 828 [1 729 000-3 547 000]","2 424 988 [1 449 000-3 836 000]","2 342 105 [1 297 000-3 881 000]","2 232 423 [1 225 000-3 745 000]","2 133 329 [1 169 000-3 524 000]","2 100 279 [1 125 000-3 539 000]","2 066 768 [1 131 000-3 529 000]","2 291 665 [1 337 000-3 704 000]","2 205 617 [1 321 000-3 486 000]"
"China","0","0","0","0","0","1","39","53","83","244","1 308","4 990","9 287","16 650","29 304","35 383","21 936","27 197","28 491","25 520","21 237","8 025"
"Colombia","102 418 [78 000-128 000]","105 996 [81 000-132 000]","119 761 [89 000-154 000]","93 827 [69 000-121 000]","80 963 [60 000-104 000]","115 550 [87 000-145 000]","84 841 [63 000-109 000]","57 024 [43 000-71 000]","72 346 [55 000-91 000]","84 176 [64 000-105 000]","90 130 [68 000-113 000]","164 564 [125 000-206 000]","110 555 [84 000-138 000]","109 966 [84 000-137 000]","173 191 [133 000-215 000]","165 418 [127 000-205 000]","166 899 [129 000-207 000]","197 464 [151 000-246 000]","254 224 [193 000-319 000]","291 432 [218 000-367 000]","333 024 [246 000-423 000]","210 720 [154 000-269 000]"
"Comoros","10 537","4 546","17 599","15 186","3 230","1 143","1 300","2 203","53 156","49 840","24 856","36 538","35 544 [24 000-48 000]","35 567 [24 000-48 000]","35 591 [24 000-48 000]","35 607 [24 000-48 000]","35 616 [24 000-48 000]","35 631 [24 000-48 000]","35 658 [24 000-48 000]","35 657 [24 000-48 000]","35 623 [24 000-48 000]","35 604 [24 000-48 000]"
"Congo","1 280 047 [800 000-1 949 000]","1 304 055 [820 000-1 963 000]","1 324 386 [813 000-2 026 000]","1 321 959 [801 000-2 068 000]","1 238 519 [739 000-1 975 000]","1 126 282 [707 000-1 722 000]","1 068 094 [716 000-1 538 000]","1 053 862 [719 000-1 492 000]","1 058 288 [733 000-1 473 000]","1 020 805 [713 000-1 409 000]","987 985 [688 000-1 386 000]","951 092 [656 000-1 332 000]","923 124 [638 000-1 295 000]","946 201 [653 000-1 321 000]","1 015 538 [678 000-1 448 000]","1 063 802 [699 000-1 559 000]","1 100 055 [707 000-1 619 000]","1 126 012 [727 000-1 671 000]","1 093 188 [697 000-1 632 000]","1 071 547 [699 000-1 599 000]","1 141 982 [784 000-1 604 000]","1 107 615 [794 000-1 502 000]"
"Costa Rica","189","90","95","70","12","4","0","0","0","6","10","110","262","966","1 223","2 903","3 541","1 289","718","1 021","1 363","1 879"
"Democratic People's Republic of Korea","2 357","1 819","1 869","3 698","4 603","5 033","7 022","10 535","14 407","21 850","16 760","13 520","14 632","16 611","4 795","6 913","6 728","15 827","16 538","98 852","115 615","90 582"
"Democratic Republic of the Congo","30 518 545 [23 460 000-38 840 000]","30 103 686 [23 120 000-38 300 000]","28 830 863 [22 130 000-36 930 000]","27 944 491 [21 480 000-35 280 000]","25 976 981 [20 050 000-33 100 000]","24 224 130 [18 790 000-30 810 000]","23 263 844 [18 210 000-29 360 000]","23 381 296 [18 390 000-29 330 000]","23 984 116 [19 040 000-29 820 000]","24 531 464 [19 620 000-30 210 000]","25 108 174 [20 460 000-30 590 000]","25 886 795 [21 120 000-31 370 000]","26 605 770 [21 920 000-32 130 000]","27 698 851 [22 730 000-33 540 000]","27 977 616 [22 940 000-33 950 000]","27 667 876 [22 480 000-33 730 000]","27 239 636 [22 130 000-33 190 000]","26 379 550 [21 210 000-32 420 000]","25 246 571 [19 960 000-31 260 000]","24 298 635 [19 130 000-30 430 000]","23 541 817 [18 690 000-29 230 000]","22 826 514 [18 280 000-28 320 000]"
"Djibouti","58 445","72 332","49 402","24 845","14 671","13 822","9 473","9 439","1 684","2 226 [1 700-2 700]","2 185 [1 700-2 700]","1 010","2 686","2 060 [1 600-2 500]","2 018 [1 600-2 500]","1 976 [1 500-2 400]","1 938 [1 500-2 400]","1 909 [1 500-2 300]","1 881 [1 400-2 300]","1 841 [1 400-2 300]","1 786 [1 400-2 200]","1 731 [1 300-2 100]"
"Dominican Republic","378 [320-440]","1 019 [870-1 200]","1 592 [1 400-1 800]","534 [450-620]","420 [360-490]","851 [720-990]","778 [660-900]","566 [480-660]","613 [500-730]","1 232 [1 000-1 500]","2 088 [1 700-2 500]","3 202 [2 600-3 800]","2 115 [1 700-2 500]","2 365 [1 900-2 800]","3 478 [2 900-4 100]","4 535 [3 700-5 400]","4 950 [4 000-5 900]","3 046 [2 500-3 600]","1 983 [1 600-2 400]","1 685 [1 400-2 000]","1 315 [1 100-1 600]","1 524 [1 300-1 800]"
"Ecuador","2 175","1 934","1 803","1 653","1 275","1 191","618","242","368","544","1 219","1 888","4 126","4 891","8 194","9 863","17 050","28 730","52 065","86 757","108 903","104 528"
"El Salvador","0","0","0","0","0","12","5","6","6","13","7","17","21","33","40","49","67","112","85","117","362","753"
"Equatorial Guinea","348 428 [183 000-603 000]","352 514 [188 000-617 000]","347 501 [192 000-584 000]","360 556 [200 000-600 000]","380 328 [223 000-608 000]","397 276 [249 000-604 000]","406 082 [271 000-584 000]","397 146 [277 000-552 000]","382 479 [274 000-523 000]","343 007 [250 000-461 000]","306 229 [219 000-419 000]","293 402 [213 000-395 000]","293 747 [213 000-394 000]","307 734 [229 000-406 000]","314 016 [238 000-405 000]","302 024 [230 000-388 000]","287 656 [222 000-368 000]","264 018 [202 000-339 000]","242 764 [181 000-319 000]","227 948 [164 000-306 000]","219 511 [151 000-310 000]","213 141 [136 000-320 000]"
"Eritrea","92 898 [60 000-129 000]","158 684 [102 000-220 000]","200 382 [129 000-279 000]","99 716 [64 000-139 000]","115 928 [74 000-161 000]","86 561 [47 000-139 000]","64 020 [41 000-89 000]","109 689 [71 000-153 000]","49 309 [31 000-70 000]","52 483 [33 000-76 000]","76 678 [49 000-107 000]","83 471 [53 000-117 000]","27 656 [18 000-39 000]","20 767 [13 000-29 000]","37 568 [24 000-53 000]","16 438 [10 000-23 000]","27 680 [16 000-42 000]","15 093 [7 500-26 000]","49 490 [23 000-87 000]","32 823 [12 000-64 000]","54 461 [19 000-107 000]","42 711 [14 000-88 000]"
"Eswatini","306","233","235","686","440","250","318","389","728","409","379","268","106","58","84","155","279","574","342","670","1 395","787 [340-1 400]"
"Ethiopia","3 783 896 [2 094 000-5 673 000]","4 227 742 [2 351 000-6 366 000]","2 645 193 [1 472 000-3 979 000]","2 793 314 [1 541 000-4 176 000]","6 600 689 [2 511 000-13 700 000]","8 922 403 [2 833 000-18 580 000]","12 528 267 [3 473 000-25 030 000]","14 339 644 [3 726 000-28 070 000]","15 281 540 [6 857 000-23 400 000]","13 064 346 [6 611 000-24 140 000]","10 953 634 [5 956 000-23 750 000]","10 362 488 [4 405 000-27 230 000]","8 773 515 [3 737 000-23 360 000]","6 406 358 [3 037 000-16 430 000]","7 346 228 [3 020 000-19 960 000]","8 345 640 [3 464 000-23 760 000]","8 879 900 [3 827 000-23 720 000]","12 673 710 [5 365 000-33 330 000]","13 022 221 [4 418 000-24 510 000]","12 570 226 [3 541 000-23 260 000]","13 910 882 [3 555 000-26 450 000]","15 016 444 [9 009 000-23 740 000]"
"French Guiana","86 [77-100]","164 [150-190]","248 [220-290]","640 [570-740]","685 [610-790]","268 [240-310]","462 [410-530]","541 [480-620]","1 025 [910-1 200]","1 054 [940-1 200]","1 413 [1 300-1 600]","2 092 [1 700-2 700]","4 051 [3 600-4 700]","3 884 [3 500-4 500]","5 647 [5 000-6 600]","4 796 [4 300-5 600]","4 015 [3 600-4 700]","3 580 [3 200-4 200]","4 540 [4 000-5 300]","4 348 [3 800-5 200]","4 554 [4 000-5 400]","4 428 [3 900-5 300]"
"Gabon","535 939 [287 000-916 000]","527 769 [283 000-907 000]","512 184 [269 000-897 000]","499 577 [248 000-913 000]","488 279 [245 000-879 000]","476 346 [250 000-825 000]","473 905 [243 000-838 000]","473 210 [242 000-837 000]","475 337 [251 000-824 000]","473 866 [265 000-774 000]","452 439 [259 000-738 000]","400 246 [228 000-663 000]","325 788 [182 000-544 000]","245 099 [143 000-392 000]","200 278 [123 000-310 000]","202 209 [130 000-302 000]","214 915 [141 000-315 000]","266 172 [173 000-388 000]","342 808 [218 000-505 000]","393 460 [255 000-575 000]","421 598 [281 000-607 000]","420 619 [279 000-613 000]"
"Gambia","213 311 [150 000-307 000]","210 897 [148 000-304 000]","109 975 [85 000-137 000]","196 160 [143 000-253 000]","148 057 [110 000-189 000]","297 058 [225 000-375 000]","450 479 [346 000-564 000]","303 721 [237 000-376 000]","429 429 [338 000-529 000]","523 991 [420 000-638 000]","473 874 [384 000-574 000]","447 124 [332 000-577 000]","447 032 [331 000-576 000]","446 959 [331 000-579 000]","446 954 [331 000-576 000]","447 057 [331 000-580 000]","447 415 [333 000-581 000]","447 989 [332 000-581 000]","448 547 [331 000-582 000]","449 003 [333 000-581 000]","449 211 [331 000-582 000]","449 173 [334 000-582 000]"
"Georgia","0","0","0","0","0","0","0","0","0","0","0","0","1","6","24","59","155","257","316","474","438","245"
"Ghana","5 396 652 [3 833 000-7 371 000]","5 313 608 [3 799 000-7 289 000]","5 242 734 [3 917 000-6 942 000]","5 314 525 [3 976 000-7 054 000]","5 991 625 [4 475 000-7 808 000]","6 953 304 [5 286 000-8 934 000]","7 999 986 [6 263 000-10 090 000]","8 867 522 [7 104 000-10 960 000]","9 540 098 [7 783 000-11 660 000]","9 977 648 [8 187 000-12 050 000]","9 973 490 [8 137 000-11 990 000]","9 571 242 [7 798 000-11 620 000]","8 947 844 [7 235 000-10 960 000]","8 170 400 [6 533 000-10 210 000]","7 556 676 [5 889 000-9 540 000]","7 330 580 [5 690 000-9 305 000]","7 350 612 [5 673 000-9 341 000]","7 590 600 [5 878 000-9 596 000]","7 895 135 [6 182 000-9 933 000]","8 148 113 [6 429 000-10 170 000]","8 428 599 [6 553 000-10 670 000]","8 477 878 [6 322 000-11 070 000]"
"Guatemala","1 493 [1 300-1 700]","1 241 [1 100-1 400]","2 428 [2 200-2 800]","3 541 [3 200-4 100]","4 832 [4 300-5 600]","5 857 [5 200-6 700]","6 482 [5 800-7 500]","5 764 [5 100-6 600]","7 282 [6 500-8 400]","6 262 [5 600-7 300]","7 968 [7 100-9 200]","9 468 [7 800-12 000]","8 285 [7 400-9 600]","8 421 [7 500-9 800]","17 992 [16 000-21 000]","36 610 [32 000-43 000]","46 748 [42 000-55 000]","34 124 [30 000-40 000]","36 810 [32 000-43 000]","42 213 [37 000-50 000]","42 680 [37 000-51 000]","63 676 [56 000-76 000]"
"Guinea","4 477 687 [2 740 000-6 958 000]","4 416 575 [2 698 000-6 876 000]","4 425 904 [2 977 000-6 386 000]","4 508 348 [3 126 000-6 301 000]","4 377 224 [3 058 000-6 041 000]","4 297 908 [3 073 000-5 822 000]","4 402 690 [3 251 000-5 878 000]","4 460 552 [3 402 000-5 743 000]","4 568 741 [3 638 000-5 658 000]","4 696 591 [3 884 000-5 631 000]","4 565 610 [3 715 000-5 530 000]","4 320 306 [3 468 000-5 328 000]","4 003 420 [3 144 000-5 045 000]","3 612 353 [2 692 000-4 728 000]","3 297 950 [2 302 000-4 599 000]","3 153 121 [2 129 000-4 483 000]","3 143 778 [2 101 000-4 511 000]","3 277 416 [2 228 000-4 643 000]","3 457 916 [2 406 000-4 817 000]","3 556 986 [2 536 000-4 850 000]","3 641 386 [2 728 000-4 852 000]","3 616 058 [2 705 000-4 733 000]"
"Guinea-Bissau","216 542 [72 000-499 000]","189 707 [61 000-453 000]","146 986 [49 000-342 000]","125 653 [42 000-301 000]","122 291 [41 000-294 000]","139 154 [47 000-326 000]","161 401 [58 000-379 000]","186 564 [70 000-413 000]","208 894 [89 000-418 000]","213 019 [108 000-379 000]","212 103 [120 000-348 000]","198 836 [122 000-304 000]","166 267 [115 000-234 000]","134 274 [99 000-178 000]","112 956 [73 000-169 000]","111 165 [63 000-181 000]","131 429 [72 000-221 000]","166 563 [88 000-286 000]","240 938 [122 000-430 000]","323 277 [168 000-570 000]","410 118 [228 000-673 000]","496 631 [294 000-781 000]"
"Guyana","25 792 [22 000-30 000]","22 159 [19 000-26 000]","26 307 [22 000-31 000]","30 769 [23 000-42 000]","25 167 [19 000-34 000]","19 317 [14 000-26 000]","18 030 [14 000-25 000]","22 310 [17 000-30 000]","57 459 [43 000-79 000]","43 572 [36 000-52 000]","38 863 [32 000-46 000]","29 631 [24 000-35 000]","17 877 [14 000-22 000]","16 365 [14 000-19 000]","15 697 [13 000-18 000]","27 629 [24 000-32 000]","54 583 [45 000-65 000]","40 416 [33 000-48 000]","38 681 [32 000-46 000]","30 656 [25 000-37 000]","37 974 [31 000-46 000]","33 628 [28 000-40 000]"
"Haiti","22 546 [14 000-35 000]","40 876 [27 000-57 000]","17 703 [12 000-24 000]","16 000 [11 000-22 000]","33 122 [22 000-45 000]","36 279 [24 000-49 000]","32 185 [21 000-44 000]","33 119 [22 000-45 000]","62 551 [38 000-97 000]","65 545 [40 000-101 000]","81 483 [49 000-126 000]","84 993 [48 000-138 000]","84 023 [48 000-137 000]","89 554 [54 000-141 000]","73 292 [43 000-115 000]","81 199 [48 000-129 000]","78 681 [45 000-127 000]","77 382 [44 000-125 000]","76 093 [44 000-123 000]","74 792 [43 000-121 000]","73 498 [42 000-120 000]","72 190 [42 000-116 000]"
"Honduras","2 290 [1 800-2 900]","1 098 [860-1 300]","444 [350-540]","933 [710-1 200]","1 716 [1 300-2 100]","5 519 [4 300-6 800]","4 792 [3 800-5 900]","4 553 [3 600-5 600]","7 231 [5 700-8 900]","8 680 [6 800-11 000]","10 269 [8 100-13 000]","13 308 [10 000-16 000]","12 900 [9 900-16 000]","11 741 [8 900-15 000]","14 962 [11 000-19 000]","17 218 [13 000-22 000]","23 468 [17 000-30 000]","25 353 [18 000-33 000]","20 706 [15 000-27 000]","25 251 [18 000-32 000]","35 405 [26 000-45 000]","51 498 [38 000-66 000]"
"India","4 265 027 [2 874 000-5 880 000]","4 133 982 [2 750 000-5 976 000]","5 549 896 [3 697 000-7 805 000]","6 743 582 [4 642 000-9 436 000]","9 333 319 [6 853 000-13 220 000]","12 411 360 [8 835 000-17 850 000]","11 856 993 [8 956 000-16 020 000]","11 138 430 [8 380 000-15 460 000]","10 943 831 [8 181 000-15 260 000]","14 056 674 [10 330 000-19 770 000]","17 298 372 [12 760 000-24 320 000]","20 241 628 [14 800 000-28 330 000]","20 663 404 [14 800 000-29 800 000]","20 063 261 [14 460 000-29 060 000]","19 163 338 [14 190 000-27 170 000]","19 820 336 [14 620 000-27 740 000]","24 222 815 [18 090 000-33 260 000]","22 459 649 [17 290 000-29 460 000]","20 204 783 [15 750 000-25 900 000]","18 873 095 [14 720 000-24 610 000]","20 074 161 [15 790 000-25 840 000]","19 692 324 [15 350 000-25 830 000]"
"Indonesia","811 636 [746 000-891 000]","769 298 [704 000-845 000]","774 340 [706 000-851 000]","662 497 [606 000-728 000]","744 237 [681 000-816 000]","1 087 349 [980 000-1 212 000]","1 039 394 [938 000-1 158 000]","1 163 077 [1 047 000-1 293 000]","1 529 542 [1 381 000-1 706 000]","1 797 022 [1 618 000-1 999 000]","1 811 566 [1 635 000-2 023 000]","1 991 459 [1 790 000-2 217 000]","1 284 831 [1 061 000-1 581 000]","1 268 598 [1 047 000-1 561 000]","1 252 185 [1 034 000-1 546 000]","1 385 963 [1 250 000-1 548 000]","1 187 260 [1 069 000-1 324 000]","1 087 185 [985 000-1 212 000]","1 189 388 [983 000-1 461 000]","1 173 580 [970 000-1 440 000]","1 157 570 [954 000-1 424 000]","1 141 362 [945 000-1 401 000]"
"Iran (Islamic Republic of)","0","0","0","0","57","81","167","358","480","756","1 632","1 847","4 345","8 349","15 712","15 909","18 966","13 821","23 562","15 558","19 303","19 716"
"Iraq","0","0","0","0","0","5","0","0","0","0","0","0","0","2","2","24","47","155","347","952","1 265","1 860"
"Kazakhstan","0","0","0 [0-0]","0 [0-0]","0 [0-0]","0 [0-0]","0 [0-0]","0 [0-0]","0 [0-0]","0 [0-0]","0 [0-0]","0 [0-0]","0","0","0","0","0","0","0","0","0","0"
"Kenya","3 419 698 [2 478 000-4 641 000]","3 302 189 [2 385 000-4 466 000]","3 037 541 [2 168 000-4 130 000]","3 068 062 [2 148 000-4 260 000]","3 155 636 [2 217 000-4 375 000]","3 191 546 [2 301 000-4 302 000]","3 319 230 [2 421 000-4 397 000]","3 312 249 [2 428 000-4 390 000]","3 232 499 [2 372 000-4 327 000]","3 052 340 [2 252 000-4 052 000]","2 844 501 [2 105 000-3 761 000]","2 696 154 [1 993 000-3 583 000]","2 593 628 [1 910 000-3 452 000]","2 652 387 [1 918 000-3 558 000]","3 076 957 [2 216 000-4 175 000]","3 900 370 [2 817 000-5 279 000]","5 018 999 [3 700 000-6 681 000]","6 304 649 [4 830 000-8 064 000]","7 177 403 [5 627 000-8 995 000]","7 444 032 [5 883 000-9 248 000]","7 808 825 [6 270 000-9 619 000]","6 837 558 [5 328 000-8 588 000]"
"Kyrgyzstan","0","0","0","0","0","0","0","0","0","0","0","3","1","18","96","318","225","91","461","2 725","15","7"
"Lao People's Democratic Republic","6 403 [4 600-8 500]","5 674 [4 100-7 500]","10 541 [7 600-14 000]","15 654 [11 000-21 000]","14 609 [11 000-19 000]","26 862 [19 000-36 000]","62 489 [45 000-83 000]","87 770 [64 000-116 000]","68 570 [50 000-91 000]","79 939 [58 000-106 000]","30 366 [22 000-40 000]","43 766 [31 000-59 000]","47 466 [33 000-66 000]","41 446 [28 000-59 000]","45 688 [30 000-67 000]","48 965 [31 000-74 000]","35 002 [23 000-51 000]","40 333 [28 000-56 000]","45 710 [33 000-62 000]","50 404 [37 000-66 000]","62 084 [47 000-79 000]","89 755 [71 000-111 000]"
"Liberia","1 852 429 [1 124 000-2 958 000]","1 914 081 [1 172 000-2 944 000]","1 954 336 [1 383 000-2 690 000]","1 966 210 [1 496 000-2 550 000]","1 939 400 [1 555 000-2 403 000]","1 773 971 [1 436 000-2 171 000]","1 591 767 [1 223 000-2 054 000]","1 506 350 [1 106 000-2 024 000]","1 381 944 [995 000-1 876 000]","1 328 628 [981 000-1 758 000]","1 354 061 [1 031 000-1 745 000]","1 354 819 [1 037 000-1 748 000]","1 384 603 [1 073 000-1 769 000]","1 403 261 [1 090 000-1 770 000]","1 347 464 [1 020 000-1 742 000]","1 300 190 [956 000-1 722 000]","1 269 211 [886 000-1 765 000]","1 270 287 [831 000-1 886 000]","1 339 076 [843 000-2 021 000]","1 343 961 [838 000-2 049 000]","1 311 933 [830 000-1 965 000]","1 248 403 [784 000-1 870 000]"
"Madagascar","4 911 293 [3 126 000-6 833 000]","4 010 537 [2 660 000-5 479 000]","2 032 961 [1 390 000-2 723 000]","1 921 403 [1 356 000-2 541 000]","1 971 342 [1 431 000-2 576 000]","1 408 501 [1 034 000-1 840 000]","2 345 948 [1 696 000-3 074 000]","1 078 280 [767 000-1 441 000]","1 497 292 [961 000-2 300 000]","1 594 592 [972 000-2 509 000]","823 538 [500 000-1 197 000]","893 540 [524 000-1 440 000]","882 824 [529 000-1 397 000]","469 371 [260 000-798 000]","442 208 [135 000-875 000]","666 523 [24 000-1 455 000]","662 852 [24 000-1 477 000]","834 134 [30 000-1 860 000]","1 180 072 [26 000-2 700 000]","898 515 [24 000-2 020 000]","1 111 496 [173 000-2 374 000]","905 987 [84 000-1 995 000]"
"Malawi","4 359 158 [2 557 000-6 888 000]","4 252 631 [2 503 000-6 787 000]","3 867 128 [2 661 000-5 358 000]","3 859 499 [2 893 000-5 054 000]","3 911 675 [2 961 000-5 053 000]","3 949 459 [2 975 000-5 105 000]","4 106 623 [3 115 000-5 354 000]","4 353 265 [3 306 000-5 658 000]","4 685 666 [3 566 000-6 075 000]","5 053 353 [3 896 000-6 421 000]","5 570 026 [4 460 000-6 906 000]","5 615 374 [4 539 000-6 873 000]","5 457 399 [4 398 000-6 648 000]","5 115 871 [4 113 000-6 313 000]","4 731 580 [3 765 000-5 843 000]","4 638 347 [3 709 000-5 718 000]","4 716 725 [3 728 000-5 875 000]","4 633 730 [3 631 000-5 816 000]","4 851 733 [3 777 000-6 108 000]","5 157 186 [4 086 000-6 371 000]","5 289 453 [4 274 000-6 504 000]","5 068 222 [3 985 000-6 336 000]"
"Malaysia","0","0","0","0","85","266","242","596","1 028","3 662","3 954","5 194","5 955","6 071","4 048","5 294","5 569","6 154","6 338","11 019","12 780","12 705"
"Mali","7 744 735 [5 463 000-11 010 000]","7 586 538 [5 354 000-10 780 000]","6 863 255 [4 844 000-9 742 000]","7 710 138 [5 441 000-10 950 000]","7 469 199 [5 279 000-10 620 000]","7 184 988 [5 063 000-10 200 000]","7 097 168 [5 034 000-10 060 000]","7 740 479 [5 562 000-10 730 000]","7 699 696 [5 513 000-10 580 000]","7 194 633 [5 122 000-9 768 000]","6 491 808 [4 634 000-8 858 000]","5 957 047 [4 268 000-8 204 000]","5 630 658 [3 905 000-7 774 000]","5 515 727 [3 813 000-7 710 000]","5 474 736 [3 825 000-7 702 000]","5 527 211 [3 844 000-7 850 000]","5 683 984 [3 946 000-8 192 000]","5 475 357 [3 741 000-7 761 000]","5 230 718 [3 492 000-7 473 000]","4 977 784 [3 328 000-7 234 000]","4 719 788 [3 192 000-6 804 000]","4 565 653 [3 100 000-6 579 000]"
"Mauritania","85 030 [40 000-145 000]","201 771 [69 000-395 000]","184 057 [65 000-356 000]","236 485 [98 000-436 000]","306 475 [112 000-614 000]","386 314 [162 000-723 000]","291 679 [107 000-578 000]","216 687 [75 000-431 000]","101 247 [5 800-237 000]","88 074 [5 600-212 000]","162 490 [35 000-343 000]","123 348 [6 900-275 000]","108 111 [3 600-256 000]","209 089 [50 000-423 000]","246 899 [64 000-519 000]","258 559 [61 000-552 000]","281 841 [77 000-563 000]","286 610 [90 000-557 000]","319 661 [136 000-628 000]","308 961 [130 000-579 000]","307 700 [153 000-552 000]","304 757 [147 000-559 000]"
"Mauritius","0","","","","","","","","","","","","","","","","","","","","",""
"Mayotte","","","0 [0-0]","6 [4-13]","19 [12-40]","35 [22-69]","2 [1-5]","1 [1-5]","1 [1-4]","53 [34-107]","89 [57-180]","412 [259-863.025]","206 [131-424]","410 [243-1 321]","614 [385-1 305]","682 [419-1 561]","1 089 [660-2 523]","1 632 [984-4 180]","1 743 [1 049-4 218]","","",""
"Mexico","242","356","618","803","736","551","517","656","495","833","1 124","1 226","2 703","2 357","2 361","2 514","2 967","3 406","3 819","4 624","4 996","7 390"
"Morocco","0","0","0","0","0","0","0","0","0","0","0","0","0","0","0","0","0","1","4","19","0","3"
"Mozambique","10 283 922 [7 172 000-14 230 000]","9 990 474 [7 028 000-13 770 000]","9 421 431 [7 228 000-12 000 000]","9 406 462 [7 453 000-11 690 000]","9 422 965 [7 590 000-11 580 000]","9 501 504 [7 668 000-11 610 000]","9 403 454 [7 652 000-11 440 000]","9 315 947 [7 549 000-11 400 000]","9 291 989 [7 595 000-11 360 000]","9 032 885 [7 374 000-11 010 000]","8 783 904 [7 196 000-10 700 000]","8 660 053 [7 027 000-10 530 000]","8 469 429 [6 916 000-10 330 000]","8 345 403 [6 821 000-10 100 000]","8 256 754 [6 739 000-10 030 000]","8 325 146 [6 796 000-10 090 000]","8 517 561 [6 982 000-10 330 000]","8 967 650 [7 385 000-10 870 000]","9 278 676 [7 634 000-11 180 000]","9 283 388 [7 613 000-11 120 000]","8 997 785 [7 454 000-10 840 000]","8 416 877 [6 834 000-10 240 000]"
"Myanmar","292 857 [177 000-1 253 000]","82 144 [66 000-98 000]","78 326 [63 000-94 000]","108 681 [88 000-131 000]","120 755 [98 000-145 000]","162 032 [131 000-195 000]","271 652 [219 000-328 000]","383 705 [281 000-533 000]","611 838 [452 000-842 000]","1 754 334 [1 259 000-2 551 000]","1 326 603 [1 019 000-1 775 000]","1 507 212 [1 102 000-2 134 000]","1 492 378 [1 098 000-2 143 000]","1 573 810 [1 159 000-2 287 000]","1 285 206 [943 000-1 871 000]","1 017 913 [653 000-1 574 000]","1 420 525 [998 000-2 124 000]","1 409 035 [984 000-2 087 000]","1 396 707 [972 000-2 058 000]","1 383 490 [965 000-2 034 000]","1 369 637 [956 000-2 006 000]","1 355 454 [943 000-2 000 000]"
"Namibia","21 322 [17 000-26 000]","20 258 [16 000-25 000]","5 705 [4 100-8 100]","50 217 [40 000-61 000]","89 155 [71 000-109 000]","32 052 [25 000-39 000]","15 052 [12 000-18 000]","25 780 [20 000-32 000]","7 844 [6 200-9 600]","5 465 [2 200-9 400]","3 092 [2 100-4 800]","2 590 [800-6 200]","6 068 [790-18 000]","12 094 [1 600-33 000]","20 663 [6 300-47 000]","68 176 [41 000-113 000]","65 303 [34 000-118 000]","105 493 [51 000-202 000]","67 564 [28 000-140 000]","70 395 [33 000-139 000]","102 902 [56 000-185 000]","77 408 [31 000-155 000]"
"Nepal","106 [86-130]","244 [200-300]","464 [380-590]","2 736 [2 000-3 900]","2 690 [2 200-3 400]","3 353 [2 300-5 800]","4 370 [2 400-9 200]","4 912 [3 000-9 900]","10 164 [7 000-17 000]","13 662 [8 500-28 000]","18 512 [9 800-39 000]","30 196 [15 000-63 000]","25 643 [12 000-59 000]","31 003 [13 000-74 000]","42 145 [18 000-91 000]","35 567 [14 000-82 000]","36 030 [15 000-84 000]","34 773 [15 000-75 000]","72 856 [30 000-151 000]","85 217 [42 000-153 000]","55 778 [21 000-118 000]","47 986 [27 000-78 000]"
"Nicaragua","29 457 [24 000-35 000]","32 469 [27 000-38 000]","16 717 [14 000-20 000]","20 158 [17 000-24 000]","13 866 [11 000-16 000]","7 943 [6 600-9 400]","2 886 [2 400-3 400]","1 446 [1 200-1 700]","1 471 [1 200-1 700]","1 564 [1 300-1 800]","1 171 [970-1 400]","876 [730-1 000]","772 [640-910]","965 [800-1 100]","1 717 [1 400-2 000]","3 943 [3 300-4 600]","8 412 [7 000-9 900]","8 735 [7 300-10 000]","8 507 [7 100-10 000]","9 745 [8 100-11 000]","13 275 [11 000-16 000]","29 953 [25 000-35 000]"
"Niger","8 166 369 [4 723 000-13 300 000]","7 845 383 [4 583 000-12 750 000]","7 631 511 [4 731 000-11 760 000]","7 760 340 [4 896 000-11 740 000]","7 883 346 [5 016 000-11 850 000]","8 053 568 [5 142 000-12 120 000]","8 073 585 [5 143 000-12 100 000]","7 880 779 [5 052 000-11 660 000]","7 717 689 [5 056 000-11 360 000]","7 633 594 [5 207 000-10 810 000]","7 283 090 [5 094 000-10 040 000]","6 785 885 [4 821 000-9 379 000]","6 017 879 [4 323 000-8 204 000]","5 403 729 [3 756 000-7 532 000]","4 668 666 [2 984 000-6 934 000]","4 386 050 [2 712 000-6 753 000]","4 271 200 [2 688 000-6 443 000]","4 016 648 [2 525 000-6 010 000]","3 825 282 [2 266 000-6 086 000]","4 048 859 [2 278 000-6 616 000]","4 180 737 [2 346 000-6 946 000]","4 134 706 [2 317 000-6 854 000]"
"Nigeria","65 399 501 [47 520 000-89 000 000]","65 133 759 [46 800 000-88 650 000]","61 379 283 [47 440 000-78 810 000]","59 652 248 [46 930 000-75 230 000]","57 869 533 [45 870 000-72 050 000]","55 667 334 [44 060 000-69 130 000]","54 115 123 [43 300 000-67 110 000]","53 483 458 [42 810 000-65 930 000]","53 921 321 [43 380 000-66 320 000]","55 718 235 [44 970 000-68 540 000]","58 184 509 [46 920 000-71 320 000]","60 551 056 [49 030 000-73 900 000]","63 192 869 [51 800 000-76 430 000]","63 355 538 [51 780 000-76 750 000]","61 400 329 [49 660 000-75 070 000]","59 418 382 [47 900 000-72 790 000]","57 411 916 [46 230 000-70 620 000]","55 028 747 [43 690 000-68 160 000]","52 423 482 [40 940 000-66 420 000]","50 952 482 [39 530 000-64 780 000]","51 229 713 [39 830 000-65 120 000]","50 779 020 [39 480 000-64 300 000]"
"Oman","0","0","0","0","0","0","0","0","0","0","0","0","0","0","4","0","0","0","6","6","2","6"
"Pakistan","505 620 [401 000-678 000]","542 779 [428 000-724 000]","640 380 [507 000-868 000]","705 529 [548 000-983 000]","819 944 [582 000-1 270 000]","1 017 237 [658 000-1 741 000]","1 000 339 [529 000-2 078 000]","994 600 [555 000-1 834 000]","1 381 009 [723 000-2 670 000]","1 652 576 [782 000-3 326 000]","1 905 938 [915 000-3 748 000]","1 445 704 [646 000-3 058 000]","1 015 691 [441 000-2 286 000]","763 800 [278 000-1 945 000]","835 398 [354 000-2 025 000]","851 104 [359 000-2 033 000]","845 170 [376 000-2 011 000]","683 580 [381 000-1 342 000]","924 733 [395 000-2 204 000]","966 325 [359 000-2 406 000]","1 037 774 [436 000-2 359 000]","923 913 [361 000-2 207 000]"
"Panama","4 585 [4 400-4 900]","2 049 [2 000-2 200]","1 849 [1 800-2 000]","789 [710-850]","801 [760-860]","809 [780-860]","575 [550-610]","1 005 [960-1 100]","740 [710-790]","888 [860-950]","372 [360-400]","440 [420-470]","819 [790-870]","783 [750-840]","1 349 [1 300-1 400]","1 751 [1 700-1 900]","3 861 [3 700-4 100]","5 365 [5 200-5 700]","4 739 [4 600-5 100]","2 363 [2 300-2 500]","977 [940-1 000]","1 091 [1 000-1 200]"
"Papua New Guinea","1 237 112 [856 000-1 652 000]","1 470 120 [1 012 000-1 974 000]","1 124 906 [784 000-1 490 000]","1 301 773 [839 000-1 845 000]","1 230 223 [804 000-1 741 000]","1 208 966 [819 000-1 658 000]","884 727 [579 000-1 249 000]","1 613 869 [943 000-2 520 000]","1 420 220 [780 000-2 240 000]","1 249 648 [408 000-2 563 000]","899 054 [324 000-1 609 000]","1 079 284 [381 000-1 913 000]","1 563 409 [594 000-2 760 000]","1 180 316 [381 000-2 137 000]","1 251 261 [390 000-2 275 000]","1 481 681 [530 000-2 668 000]","1 413 497 [465 000-2 580 000]","1 708 217 [603 000-3 070 000]","1 333 205 [436 000-2 406 000]","1 235 844 [387 000-2 243 000]","1 443 554 [492 000-2 578 000]","1 462 249 [442 000-2 655 000]"
"Paraguay","0","0","0","0","0","0","0","0","0","0","1","20","80","331","1 337","820","373","692","1 388","2 775","2 706","6 853"
"Peru","23 250 [19 000-28 000]","29 745 [22 000-41 000]","45 729 [33 000-64 000]","58 455 [48 000-70 000]","72 752 [60 000-87 000]","72 836 [60 000-87 000]","86 896 [71 000-104 000]","83 936 [69 000-100 000]","62 669 [51 000-75 000]","40 437 [33 000-48 000]","30 924 [26 000-36 000]","37 847 [33 000-43 000]","52 035 [45 000-60 000]","54 608 [47 000-63 000]","62 633 [53 000-73 000]","80 054 [68 000-93 000]","108 134 [92 000-125 000]","115 387 [98 000-134 000]","111 816 [93 000-132 000]","128 960 [105 000-155 000]","105 067 [83 000-128 000]","103 335 [78 000-132 000]"
"Philippines","10 609 [7 500-14 000]","15 096 [11 000-20 000]","13 536 [9 500-18 000]","10 900 [7 700-15 000]","16 586 [12 000-22 000]","17 308 [12 000-23 000]","27 904 [20 000-37 000]","14 318 [10 000-19 000]","17 518 [13 000-22 000]","19 171 [14 000-25 000]","23 918 [17 000-31 000]","53 512 [37 000-71 000]","58 824 [40 000-80 000]","74 621 [50 000-102 000]","112 751 [78 000-152 000]","102 993 [72 000-137 000]","83 163 [60 000-110 000]","91 225 [67 000-119 000]","100 493 [76 000-128 000]","70 585 [53 000-91 000]","56 147 [42 000-73 000]","79 974 [60 000-103 000]"
"Republic of Korea","274","356","485","501","436","602","627","557","383","394","505","1 267","898","1 063","2 227","2 051","1 369","864","1 171","1 799","2 556","4 183"
"Rwanda","1 700 493 [1 242 000-2 184 000]","2 986 047 [2 177 000-3 831 000]","5 279 485 [3 862 000-6 772 000]","6 184 131 [4 523 000-7 923 000]","8 681 013 [6 334 000-11 160 000]","4 887 836 [3 602 000-6 231 000]","3 585 563 [2 667 000-4 538 000]","2 299 121 [1 727 000-2 895 000]","1 214 623 [1 014 000-1 429 000]","646 386 [511 000-788 000]","390 611 [291 000-494 000]","1 079 765 [747 000-1 422 000]","1 546 660 [1 007 000-2 169 000]","683 661 [425 000-1 003 000]","840 559 [501 000-1 264 000]","1 396 437 [360 000-2 213 000]","1 385 594 [385 000-2 311 000]","1 101 660 [455 000-1 815 000]","1 231 753 [610 000-1 987 000]","1 375 805 [708 000-2 495 000]","1 478 868 [756 000-2 630 000]","1 536 115 [745 000-2 793 000]"
"Sao Tome and Principe","2 719","1 933","2 732","2 937","2 239","2 238","2 056","1 754","9 243","12 550","8 442","3 146","6 182","6 258","2 421","5 146","18 139","46 486","42 656","50 586","42 086","31 975"
"Saudi Arabia","0","83","38","61","177","272","83","30","34","82","69","29","58","61","467","1 278","1 059","1 232","1 724","2 612","3 074","6 608"
"Senegal","995 763 [674 000-1 347 000]","835 455 [565 000-1 131 000]","672 221 [455 000-913 000]","1 047 659 [731 000-1 405 000]","805 691 [559 000-1 073 000]","684 129 [467 000-924 000]","1 010 929 [684 000-1 370 000]","532 782 [390 000-694 000]","793 415 [567 000-1 058 000]","706 020 [489 000-954 000]","626 038 [437 000-831 000]","763 134 [536 000-1 012 000]","405 713 [276 000-550 000]","628 766 [396 000-914 000]","1 160 145 [361 000-2 134 000]","1 376 263 [442 000-2 459 000]","1 362 379 [441 000-2 275 000]","1 393 434 [308 000-2 581 000]","2 063 074 [726 000-3 342 000]","2 248 602 [505 000-3 810 000]","2 470 115 [669 000-3 713 000]","2 676 527 [1 762 000-3 648 000]"
"Sierra Leone","2 777 394 [1 596 000-4 538 000]","2 795 827 [1 646 000-4 477 000]","2 857 585 [1 953 000-4 016 000]","2 901 372 [2 165 000-3 819 000]","2 883 985 [2 239 000-3 668 000]","2 914 796 [2 304 000-3 616 000]","2 857 523 [2 252 000-3 601 000]","2 868 023 [2 265 000-3 563 000]","2 921 184 [2 344 000-3 620 000]","2 986 182 [2 324 000-3 751 000]","3 009 591 [2 266 000-3 916 000]","2 977 797 [2 222 000-3 884 000]","2 881 379 [2 161 000-3 778 000]","2 654 929 [1 876 000-3 670 000]","2 396 659 [1 490 000-3 650 000]","2 277 054 [1 356 000-3 631 000]","2 270 241 [1 388 000-3 575 000]","2 267 452 [1 411 000-3 451 000]","2 246 838 [1 406 000-3 467 000]","2 269 445 [1 427 000-3 436 000]","2 201 474 [1 414 000-3 271 000]","2 081 568 [1 336 000-3 098 000]"
"Solomon Islands","151 437 [126 000-183 000]","112 768 [98 000-133 000]","139 245 [108 000-188 000]","86 680 [73 000-103 000]","103 587 [80 000-141 000]","84 179 [72 000-101 000]","39 811 [33 000-49 000]","34 803 [26 000-46 000]","53 689 [40 000-75 000]","52 221 [39 000-73 000]","62 676 [44 000-93 000]","91 425 [65 000-130 000]","75 305 [54 000-108 000]","93 119 [67 000-133 000]","155 491 [111 000-223 000]","281 888 [150 000-467 000]","286 015 [153 000-471 000]","337 823 [189 000-543 000]","239 181 [167 000-346 000]","280 109 [156 000-455 000]","285 929 [153 000-463 000]","254 582 [134 000-419 000]"
"Somalia","1 131 892 [688 000-1 767 000]","926 877 [570 000-1 451 000]","957 015 [624 000-1 400 000]","913 696 [579 000-1 366 000]","820 464 [513 000-1 237 000]","837 484 [560 000-1 192 000]","811 764 [572 000-1 112 000]","668 820 [476 000-917 000]","534 460 [381 000-729 000]","433 472 [313 000-589 000]","419 303 [300 000-571 000]","500 313 [359 000-679 000]","454 522 [325 000-618 000]","719 911 [525 000-965 000]","1 128 218 [825 000-1 510 000]","1 274 766 [940 000-1 689 000]","1 392 857 [996 000-1 881 000]","1 245 035 [874 000-1 743 000]","1 268 524 [857 000-1 814 000]","1 236 218 [818 000-1 768 000]","1 283 399 [833 000-1 902 000]","1 177 314 [677 000-1 906 000]"
"South Africa","2 958","4 463","4 821","9 562","23 381","4 323","4 959","11 705","8 645","6 621","9 866","8 060","6 072","7 796","6 327","12 098","7 755","13 399","13 459","15 649","26 506","18 206 [13 000-26 000]"
"South Sudan","2 953 582 [1 643 000-4 972 000]","3 042 784 [1 664 000-5 116 000]","2 938 499 [1 652 000-4 811 000]","2 898 120 [1 695 000-4 628 000]","2 960 681 [1 791 000-4 578 000]","2 949 646 [1 901 000-4 401 000]","3 033 662 [2 108 000-4 190 000]","3 098 291 [2 282 000-4 115 000]","3 173 418 [2 399 000-4 121 000]","3 079 924 [2 358 000-3 971 000]","2 979 272 [2 308 000-3 782 000]","2 775 374 [2 183 000-3 450 000]","2 640 300 [2 099 000-3 268 000]","2 586 745 [2 000 000-3 267 000]","2 520 885 [1 819 000-3 395 000]","2 450 862 [1 710 000-3 393 000]","2 342 844 [1 618 000-3 292 000]","2 243 889 [1 514 000-3 253 000]","2 229 084 [1 421 000-3 353 000]","2 250 591 [1 410 000-3 418 000]","2 283 971 [1 488 000-3 398 000]","2 245 004 [1 533 000-3 162 000]"
"Sri Lanka","0","0","0","0","0","0","0","0","0","23","124","684","531","649","198","591","1 640","3 720","10 510","41 411","66 522","210 039"
"Sudan","3 325 874 [1 643 000-5 906 000]","3 261 859 [1 614 000-5 853 000]","2 835 630 [1 360 000-5 217 000]","2 485 883 [1 154 000-4 696 000]","2 187 618 [1 075 000-3 956 000]","2 097 220 [1 185 000-3 462 000]","1 611 298 [1 053 000-2 378 000]","1 427 317 [1 008 000-1 956 000]","1 257 489 [924 000-1 683 000]","1 162 568 [868 000-1 530 000]","1 120 801 [836 000-1 478 000]","1 104 287 [820 000-1 457 000]","1 140 986 [850 000-1 493 000]","1 238 850 [887 000-1 678 000]","1 450 820 [961 000-2 105 000]","1 597 895 [1 009 000-2 435 000]","1 614 440 [994 000-2 428 000]","1 596 519 [988 000-2 429 000]","1 722 030 [1 061 000-2 663 000]","1 837 673 [1 156 000-2 863 000]","2 326 967 [1 516 000-3 408 000]","2 439 775 [1 624 000-3 493 000]"
"Suriname","22","156","104","30","137","78","81","401","525","569","795","1 771","2 499","2 086","1 104","3 289","9 131","8 378","10 982","12 837","16 003","11 361"
"Syrian Arab Republic","0","0","0","0","0","0","0","0","0","0","0","0","0","0","0","0","0","1","2","15","63","6"
"Turkiye","0","0","0","0","0","0","0","0","0","0","0","0","38","166","313","796","2 084","5 302","9 222","10 224","10 812","11 432"
"Tajikistan","0","0","0","0","0","0","0","2","4","28","78","112","164","318","635","1 344","2 309","3 588","5 428","6 160","11 387","19 064"
"Thailand","2 219","2 988","3 644","4 454","4 393","7 727","14 265","41 218","41 602","46 895","24 897","32 480","29 462","28 569","33 178","30 294","29 782","26 690","37 355","44 555","63 528","78 561"
"Timor-Leste","0","4 [3-4]","0","0","22 [18-25]","112 [94-130]","110 [93-130]","473 [400-550]","1 418 [1 200-1 700]","7 263 [6 100-8 500]","30 828 [25 000-38 000]","95 412 [68 000-127 000]","100 128 [66 000-139 000]","134 166 [89 000-185 000]","114 693 [82 000-152 000]","164 285 [102 000-235 000]","153 748 [105 000-209 000]","234 045 [141 000-328 000]","67 524 [57 000-79 000]","104 357 [70 000-142 000]","130 282 [56 000-296 000]","128 146 [55 000-290 000]"
"Togo","2 053 345 [1 246 000-3 216 000]","2 049 459 [1 236 000-3 196 000]","1 966 638 [1 351 000-2 775 000]","2 014 395 [1 497 000-2 660 000]","2 179 253 [1 692 000-2 774 000]","2 488 548 [1 986 000-3 091 000]","2 669 469 [2 163 000-3 274 000]","2 688 180 [2 179 000-3 267 000]","2 609 672 [2 106 000-3 177 000]","2 295 985 [1 801 000-2 867 000]","2 034 724 [1 581 000-2 574 000]","1 984 921 [1 551 000-2 513 000]","2 050 314 [1 588 000-2 609 000]","2 307 220 [1 780 000-2 934 000]","2 566 605 [2 020 000-3 203 000]","2 660 724 [2 115 000-3 317 000]","2 693 615 [2 152 000-3 327 000]","2 657 728 [2 123 000-3 295 000]","2 518 511 [1 957 000-3 171 000]","2 382 832 [1 806 000-3 104 000]","2 289 405 [1 700 000-3 019 000]","2 221 914 [1 614 000-2 995 000]"
"Turkmenistan","0","0","0","0","0","0","0","0","0","0","0","0","0","0","0","1","1","3","7","18","8","24"
"Uganda","13 023 397 [8 637 000-20 610 000]","12 602 807 [8 333 000-19 840 000]","11 282 360 [7 420 000-17 810 000]","10 905 744 [7 261 000-17 280 000]","11 833 607 [7 821 000-16 340 000]","10 971 082 [7 796 000-14 470 000]","9 501 063 [6 650 000-12 970 000]","10 693 203 [7 964 000-14 110 000]","11 722 973 [8 926 000-15 070 000]","12 905 814 [10 170 000-16 150 000]","13 141 152 [10 370 000-16 350 000]","13 241 888 [10 580 000-16 340 000]","13 289 108 [10 610 000-16 390 000]","12 751 923 [10 080 000-15 880 000]","12 308 621 [9 526 000-15 730 000]","12 122 459 [9 271 000-15 580 000]","12 118 906 [9 381 000-15 490 000]","12 210 978 [9 362 000-15 630 000]","12 758 978 [9 768 000-16 370 000]","12 776 442 [9 848 000-16 360 000]","12 579 134 [9 580 000-16 060 000]","11 703 496 [9 001 000-14 900 000]"
"United Arab Emirates","0","0","0","0","0","0","0","0","0","0","0","0","0","0","0","0","0","0","0","0","0","0"
"United Republic of Tanzania","7 997 711 [5 300 000-11 620 000]","7 604 750 [4 974 000-10 990 000]","7 040 493 [5 051 000-9 508 000]","6 852 548 [5 082 000-9 022 000]","7 003 374 [5 188 000-9 204 000]","7 151 258 [5 324 000-9 366 000]","7 382 963 [5 516 000-9 735 000]","7 267 262 [5 387 000-9 511 000]","6 440 590 [4 775 000-8 504 000]","5 841 953 [4 348 000-7 779 000]","5 992 159 [4 415 000-8 018 000]","6 350 485 [4 659 000-8 422 000]","6 797 118 [4 999 000-9 043 000]","7 417 960 [5 486 000-9 901 000]","8 298 126 [6 160 000-10 990 000]","9 232 996 [6 980 000-11 950 000]","9 949 128 [7 651 000-12 810 000]","10 574 049 [8 086 000-13 660 000]","11 088 120 [8 430 000-14 240 000]","11 478 532 [8 826 000-14 640 000]","12 064 438 [9 448 000-15 210 000]","12 072 965 [9 392 000-15 090 000]"
"Uzbekistan","0","0","0","0","0","0","0","0","0","0","0","3","0","7","30","73","102","66","74","74","77","126"
"Vanuatu","576 [440-780]","910 [700-1 200]","1 047 [800-1 400]","1 167 [890-1 600]","2 266 [1 700-3 100]","4 173 [3 200-5 600]","807 [690-950]","2 427 [1 900-3 300]","5 326 [4 100-7 200]","8 394 [6 400-11 000]","11 631 [8 900-16 000]","20 972 [15 000-30 000]","14 887 [8 100-25 000]","26 771 [13 000-122 000]","27 312 [15 000-123 000]","22 943 [14 000-35 000]","25 624 [17 000-39 000]","30 560 [22 000-41 000]","42 687 [28 000-64 000]","36 655 [25 000-53 000]","18 702 [13 000-27 000]","23 167 [13 000-38 000]"
"Venezuela (Bolivarian Republic of)","204 683 [182 000-237 000]","223 349 [198 000-258 000]","467 421 [415 000-538 000]","475 212 [423 000-548 000]","482 617 [429 000-555 000]","281 897 [251 000-325 000]","159 661 [142 000-184 000]","106 079 [95 000-123 000]","92 159 [82 000-106 000]","61 850 [55 000-71 000]","53 565 [48 000-62 000]","57 905 [48 000-73 000]","41 927 [37 000-48 000]","37 482 [33 000-43 000]","48 834 [44 000-57 000]","43 638 [39 000-51 000]","52 979 [47 000-62 000]","54 984 [49 000-65 000]","37 510 [33 000-44 000]","35 029 [31 000-42 000]","23 834 [21 000-28 000]","35 517 [31 000-42 000]"
"Viet Nam","453 [420-510]","1 657 [1 500-1 900]","3 856 [3 600-4 300]","3 777 [3 500-4 200]","5 485 [5 000-6 100]","5 024 [4 600-5 600]","11 283 [10 000-13 000]","19 060 [18 000-21 000]","20 760 [19 000-23 000]","23 838 [22 000-27 000]","20 206 [19 000-23 000]","22 959 [21 000-26 000]","22 853 [21 000-26 000]","17 911 [16 000-22 000]","28 022 [24 000-34 000]","43 620 [37 000-54 000]","40 604 [34 000-51 000]","56 559 [47 000-72 000]","96 592 [78 000-124 000]","131 451 [105 000-171 000]","185 145 [147 000-240 000]","201 414 [158 000-268 000]"
"Yemen","979 967 [690 000-1 420 000]","800 213 [562 000-1 154 000]","831 533 [582 000-1 200 000]","871 031 [603 000-1 264 000]","747 173 [528 000-1 068 000]","661 252 [468 000-951 000]","513 816 [361 000-743 000]","587 292 [412 000-851 000]","700 432 [491 000-1 014 000]","860 962 [575 000-1 313 000]","792 771 [492 000-1 319 000]","1 131 912 [642 000-2 166 000]","702 010 [358 000-1 641 000]","539 905 [279 000-1 223 000]","852 425 [431 000-1 854 000]","1 201 845 [546 000-5 711 000]","1 002 795 [441 000-4 657 000]","956 179 [441 000-4 233 000]","1 188 478 [500 000-5 500 000]","1 307 377 [628 000-6 120 000]","1 182 990 [526 000-5 327 000]","1 061 470 [453 000-4 602 000]"
"Zambia","3 655 518 [2 316 000-5 482 000]","3 537 563 [2 217 000-5 289 000]","3 205 531 [2 122 000-4 623 000]","3 189 765 [2 156 000-4 575 000]","3 204 416 [2 257 000-4 410 000]","3 453 634 [2 607 000-4 480 000]","3 563 606 [2 796 000-4 453 000]","3 656 181 [2 864 000-4 594 000]","3 467 685 [2 727 000-4 340 000]","2 954 071 [2 318 000-3 705 000]","2 575 149 [2 024 000-3 259 000]","2 323 628 [1 811 000-2 922 000]","2 200 401 [1 712 000-2 773 000]","2 217 906 [1 714 000-2 805 000]","2 399 017 [1 842 000-3 054 000]","2 663 591 [2 061 000-3 403 000]","2 988 921 [2 316 000-3 805 000]","3 376 477 [2 576 000-4 342 000]","3 777 289 [2 894 000-4 879 000]","3 903 346 [3 021 000-4 956 000]","4 119 122 [3 233 000-5 158 000]","3 927 883 [2 989 000-5 045 000]"
"Zimbabwe","342 543 [205 000-492 000]","1 152 901 [693 000-1 662 000]","782 740 [471 000-1 125 000]","634 718 [392 000-896 000]","1 337 886 [833 000-1 931 000]","760 626 [501 000-1 052 000]","1 067 121 [726 000-1 450 000]","1 093 059 [808 000-1 399 000]","863 692 [618 000-1 126 000]","592 559 [405 000-794 000]","722 030 [472 000-993 000]","1 097 776 [608 000-1 733 000]","763 956 [298 000-1 343 000]","688 884 [119 000-1 367 000]","1 690 025 [718 000-2 968 000]","1 028 458 [236 000-2 582 000]","1 019 639 [228 000-2 515 000]","1 014 311 [217 000-2 486 000]","1 007 217 [232 000-2 517 000]","999 612 [226 000-2 445 000]","993 468 [226 000-2 460 000]","987 103 [240 000-2 453 000]"
